Product Group,Product Family,Date,demand_quantity
Ale ,Beer,2013-01-01,37319
Ale ,Beer,2013-01-02,35884
Ale ,Beer,2013-01-03,37319
Ale ,Beer,2013-01-04,47367
Ale ,Beer,2013-01-05,48802
Ale ,Beer,2013-01-06,45931
Ale ,Beer,2013-01-07,24401
Ale ,Beer,2013-01-08,38754
Ale ,Beer,2013-01-09,33013
Ale ,Beer,2013-01-10,45931
Ale ,Beer,2013-01-11,45931
Ale ,Beer,2013-01-12,40190
Ale ,Beer,2013-01-13,45931
Ale ,Beer,2013-01-14,37319
Ale ,Beer,2013-01-15,33013
Ale ,Beer,2013-01-16,24401
Ale ,Beer,2013-01-17,30142
Ale ,Beer,2013-01-18,38754
Ale ,Beer,2013-01-19,28707
Ale ,Beer,2013-01-20,50237
Ale ,Beer,2013-01-21,30142
Ale ,Beer,2013-01-22,35884
Ale ,Beer,2013-01-23,53108
Ale ,Beer,2013-01-24,30142
Ale ,Beer,2013-01-25,33013
Ale ,Beer,2013-01-26,30142
Ale ,Beer,2013-01-27,41625
Ale ,Beer,2013-01-28,40190
Ale ,Beer,2013-01-29,35884
Ale ,Beer,2013-01-30,40190
Ale ,Beer,2013-01-31,22966
Ale ,Beer,2013-02-01,40190
Ale ,Beer,2013-02-02,51673
Ale ,Beer,2013-02-03,43061
Ale ,Beer,2013-02-04,31578
Ale ,Beer,2013-02-05,24401
Ale ,Beer,2013-02-06,44496
Ale ,Beer,2013-02-07,58849
Ale ,Beer,2013-02-08,44496
Ale ,Beer,2013-02-09,43061
Ale ,Beer,2013-02-10,43061
Ale ,Beer,2013-02-11,38754
Ale ,Beer,2013-02-12,41625
Ale ,Beer,2013-02-13,60285
Ale ,Beer,2013-02-14,54543
Ale ,Beer,2013-02-15,50237
Ale ,Beer,2013-02-16,44496
Ale ,Beer,2013-02-17,47367
Ale ,Beer,2013-02-18,34448
Ale ,Beer,2013-02-19,40190
Ale ,Beer,2013-02-20,44496
Ale ,Beer,2013-02-21,41625
Ale ,Beer,2013-02-22,48802
Ale ,Beer,2013-02-23,47367
Ale ,Beer,2013-02-24,61720
Ale ,Beer,2013-02-25,34448
Ale ,Beer,2013-02-26,40190
Ale ,Beer,2013-02-27,37319
Ale ,Beer,2013-02-28,33013
Ale ,Beer,2013-03-01,57414
Ale ,Beer,2013-03-02,66026
Ale ,Beer,2013-03-03,63155
Ale ,Beer,2013-03-04,53108
Ale ,Beer,2013-03-05,38754
Ale ,Beer,2013-03-06,37319
Ale ,Beer,2013-03-07,34448
Ale ,Beer,2013-03-08,41625
Ale ,Beer,2013-03-09,53108
Ale ,Beer,2013-03-10,67461
Ale ,Beer,2013-03-11,45931
Ale ,Beer,2013-03-12,47367
Ale ,Beer,2013-03-13,43061
Ale ,Beer,2013-03-14,44496
Ale ,Beer,2013-03-15,61720
Ale ,Beer,2013-03-16,33013
Ale ,Beer,2013-03-17,53108
Ale ,Beer,2013-03-18,31578
Ale ,Beer,2013-03-19,61720
Ale ,Beer,2013-03-20,38754
Ale ,Beer,2013-03-21,43061
Ale ,Beer,2013-03-22,38754
Ale ,Beer,2013-03-23,55979
Ale ,Beer,2013-03-24,60285
Ale ,Beer,2013-03-25,37319
Ale ,Beer,2013-03-26,44496
Ale ,Beer,2013-03-27,50237
Ale ,Beer,2013-03-28,58849
Ale ,Beer,2013-03-29,55979
Ale ,Beer,2013-03-30,60285
Ale ,Beer,2013-03-31,64591
Ale ,Beer,2013-04-01,47367
Ale ,Beer,2013-04-02,38754
Ale ,Beer,2013-04-03,64591
Ale ,Beer,2013-04-04,57414
Ale ,Beer,2013-04-05,66026
Ale ,Beer,2013-04-06,66026
Ale ,Beer,2013-04-07,83250
Ale ,Beer,2013-04-08,50237
Ale ,Beer,2013-04-09,54543
Ale ,Beer,2013-04-10,63155
Ale ,Beer,2013-04-11,63155
Ale ,Beer,2013-04-12,54543
Ale ,Beer,2013-04-13,64591
Ale ,Beer,2013-04-14,73203
Ale ,Beer,2013-04-15,73203
Ale ,Beer,2013-04-16,55979
Ale ,Beer,2013-04-17,48802
Ale ,Beer,2013-04-18,61720
Ale ,Beer,2013-04-19,60285
Ale ,Beer,2013-04-20,60285
Ale ,Beer,2013-04-21,63155
Ale ,Beer,2013-04-22,48802
Ale ,Beer,2013-04-23,54543
Ale ,Beer,2013-04-24,55979
Ale ,Beer,2013-04-25,53108
Ale ,Beer,2013-04-26,70332
Ale ,Beer,2013-04-27,48802
Ale ,Beer,2013-04-28,70332
Ale ,Beer,2013-04-29,48802
Ale ,Beer,2013-04-30,41625
Ale ,Beer,2013-05-01,67461
Ale ,Beer,2013-05-02,53108
Ale ,Beer,2013-05-03,55979
Ale ,Beer,2013-05-04,53108
Ale ,Beer,2013-05-05,67461
Ale ,Beer,2013-05-06,57414
Ale ,Beer,2013-05-07,66026
Ale ,Beer,2013-05-08,54543
Ale ,Beer,2013-05-09,53108
Ale ,Beer,2013-05-10,83250
Ale ,Beer,2013-05-11,78944
Ale ,Beer,2013-05-12,86121
Ale ,Beer,2013-05-13,48802
Ale ,Beer,2013-05-14,58849
Ale ,Beer,2013-05-15,67461
Ale ,Beer,2013-05-16,73203
Ale ,Beer,2013-05-17,61720
Ale ,Beer,2013-05-18,77509
Ale ,Beer,2013-05-19,99039
Ale ,Beer,2013-05-20,57414
Ale ,Beer,2013-05-21,47367
Ale ,Beer,2013-05-22,71768
Ale ,Beer,2013-05-23,74638
Ale ,Beer,2013-05-24,78944
Ale ,Beer,2013-05-25,66026
Ale ,Beer,2013-05-26,67461
Ale ,Beer,2013-05-27,61720
Ale ,Beer,2013-05-28,57414
Ale ,Beer,2013-05-29,48802
Ale ,Beer,2013-05-30,57414
Ale ,Beer,2013-05-31,48802
Ale ,Beer,2013-06-01,84686
Ale ,Beer,2013-06-02,84686
Ale ,Beer,2013-06-03,68897
Ale ,Beer,2013-06-04,66026
Ale ,Beer,2013-06-05,73203
Ale ,Beer,2013-06-06,78944
Ale ,Beer,2013-06-07,76074
Ale ,Beer,2013-06-08,73203
Ale ,Beer,2013-06-09,96168
Ale ,Beer,2013-06-10,45931
Ale ,Beer,2013-06-11,58849
Ale ,Beer,2013-06-12,54543
Ale ,Beer,2013-06-13,76074
Ale ,Beer,2013-06-14,71768
Ale ,Beer,2013-06-15,88992
Ale ,Beer,2013-06-16,80380
Ale ,Beer,2013-06-17,48802
Ale ,Beer,2013-06-18,64591
Ale ,Beer,2013-06-19,55979
Ale ,Beer,2013-06-20,53108
Ale ,Beer,2013-06-21,87556
Ale ,Beer,2013-06-22,68897
Ale ,Beer,2013-06-23,70332
Ale ,Beer,2013-06-24,48802
Ale ,Beer,2013-06-25,63155
Ale ,Beer,2013-06-26,57414
Ale ,Beer,2013-06-27,48802
Ale ,Beer,2013-06-28,78944
Ale ,Beer,2013-06-29,86121
Ale ,Beer,2013-06-30,83250
Ale ,Beer,2013-07-01,47367
Ale ,Beer,2013-07-02,73203
Ale ,Beer,2013-07-03,54543
Ale ,Beer,2013-07-04,87556
Ale ,Beer,2013-07-05,80380
Ale ,Beer,2013-07-06,71768
Ale ,Beer,2013-07-07,77509
Ale ,Beer,2013-07-08,51673
Ale ,Beer,2013-07-09,60285
Ale ,Beer,2013-07-10,80380
Ale ,Beer,2013-07-11,70332
Ale ,Beer,2013-07-12,66026
Ale ,Beer,2013-07-13,90427
Ale ,Beer,2013-07-14,70332
Ale ,Beer,2013-07-15,51673
Ale ,Beer,2013-07-16,86121
Ale ,Beer,2013-07-17,86121
Ale ,Beer,2013-07-18,63155
Ale ,Beer,2013-07-19,94733
Ale ,Beer,2013-07-20,67461
Ale ,Beer,2013-07-21,99039
Ale ,Beer,2013-07-22,51673
Ale ,Beer,2013-07-23,66026
Ale ,Beer,2013-07-24,70332
Ale ,Beer,2013-07-25,63155
Ale ,Beer,2013-07-26,103345
Ale ,Beer,2013-07-27,81815
Ale ,Beer,2013-07-28,86121
Ale ,Beer,2013-07-29,53108
Ale ,Beer,2013-07-30,71768
Ale ,Beer,2013-07-31,58849
Ale ,Beer,2013-08-01,44496
Ale ,Beer,2013-08-02,70332
Ale ,Beer,2013-08-03,71768
Ale ,Beer,2013-08-04,70332
Ale ,Beer,2013-08-05,66026
Ale ,Beer,2013-08-06,63155
Ale ,Beer,2013-08-07,58849
Ale ,Beer,2013-08-08,74638
Ale ,Beer,2013-08-09,68897
Ale ,Beer,2013-08-10,76074
Ale ,Beer,2013-08-11,87556
Ale ,Beer,2013-08-12,43061
Ale ,Beer,2013-08-13,58849
Ale ,Beer,2013-08-14,77509
Ale ,Beer,2013-08-15,55979
Ale ,Beer,2013-08-16,77509
Ale ,Beer,2013-08-17,78944
Ale ,Beer,2013-08-18,71768
Ale ,Beer,2013-08-19,47367
Ale ,Beer,2013-08-20,83250
Ale ,Beer,2013-08-21,64591
Ale ,Beer,2013-08-22,54543
Ale ,Beer,2013-08-23,60285
Ale ,Beer,2013-08-24,83250
Ale ,Beer,2013-08-25,68897
Ale ,Beer,2013-08-26,54543
Ale ,Beer,2013-08-27,68897
Ale ,Beer,2013-08-28,55979
Ale ,Beer,2013-08-29,53108
Ale ,Beer,2013-08-30,97604
Ale ,Beer,2013-08-31,73203
Ale ,Beer,2013-09-01,47367
Ale ,Beer,2013-09-02,57414
Ale ,Beer,2013-09-03,48802
Ale ,Beer,2013-09-04,74638
Ale ,Beer,2013-09-05,71768
Ale ,Beer,2013-09-06,53108
Ale ,Beer,2013-09-07,63155
Ale ,Beer,2013-09-08,70332
Ale ,Beer,2013-09-09,47367
Ale ,Beer,2013-09-10,53108
Ale ,Beer,2013-09-11,64591
Ale ,Beer,2013-09-12,68897
Ale ,Beer,2013-09-13,55979
Ale ,Beer,2013-09-14,73203
Ale ,Beer,2013-09-15,68897
Ale ,Beer,2013-09-16,53108
Ale ,Beer,2013-09-17,63155
Ale ,Beer,2013-09-18,70332
Ale ,Beer,2013-09-19,57414
Ale ,Beer,2013-09-20,61720
Ale ,Beer,2013-09-21,66026
Ale ,Beer,2013-09-22,74638
Ale ,Beer,2013-09-23,44496
Ale ,Beer,2013-09-24,45931
Ale ,Beer,2013-09-25,66026
Ale ,Beer,2013-09-26,53108
Ale ,Beer,2013-09-27,60285
Ale ,Beer,2013-09-28,63155
Ale ,Beer,2013-09-29,68897
Ale ,Beer,2013-09-30,57414
Ale ,Beer,2013-10-01,64591
Ale ,Beer,2013-10-02,40190
Ale ,Beer,2013-10-03,53108
Ale ,Beer,2013-10-04,37319
Ale ,Beer,2013-10-05,54543
Ale ,Beer,2013-10-06,71768
Ale ,Beer,2013-10-07,47367
Ale ,Beer,2013-10-08,45931
Ale ,Beer,2013-10-09,43061
Ale ,Beer,2013-10-10,58849
Ale ,Beer,2013-10-11,45931
Ale ,Beer,2013-10-12,44496
Ale ,Beer,2013-10-13,60285
Ale ,Beer,2013-10-14,44496
Ale ,Beer,2013-10-15,53108
Ale ,Beer,2013-10-16,64591
Ale ,Beer,2013-10-17,66026
Ale ,Beer,2013-10-18,66026
Ale ,Beer,2013-10-19,55979
Ale ,Beer,2013-10-20,68897
Ale ,Beer,2013-10-21,44496
Ale ,Beer,2013-10-22,47367
Ale ,Beer,2013-10-23,41625
Ale ,Beer,2013-10-24,61720
Ale ,Beer,2013-10-25,50237
Ale ,Beer,2013-10-26,61720
Ale ,Beer,2013-10-27,67461
Ale ,Beer,2013-10-28,31578
Ale ,Beer,2013-10-29,43061
Ale ,Beer,2013-10-30,44496
Ale ,Beer,2013-10-31,63155
Ale ,Beer,2013-11-01,66026
Ale ,Beer,2013-11-02,83250
Ale ,Beer,2013-11-03,86121
Ale ,Beer,2013-11-04,41625
Ale ,Beer,2013-11-05,43061
Ale ,Beer,2013-11-06,64591
Ale ,Beer,2013-11-07,63155
Ale ,Beer,2013-11-08,63155
Ale ,Beer,2013-11-09,73203
Ale ,Beer,2013-11-10,64591
Ale ,Beer,2013-11-11,50237
Ale ,Beer,2013-11-12,60285
Ale ,Beer,2013-11-13,54543
Ale ,Beer,2013-11-14,63155
Ale ,Beer,2013-11-15,73203
Ale ,Beer,2013-11-16,66026
Ale ,Beer,2013-11-17,64591
Ale ,Beer,2013-11-18,33013
Ale ,Beer,2013-11-19,45931
Ale ,Beer,2013-11-20,53108
Ale ,Beer,2013-11-21,64591
Ale ,Beer,2013-11-22,53108
Ale ,Beer,2013-11-23,58849
Ale ,Beer,2013-11-24,77509
Ale ,Beer,2013-11-25,61720
Ale ,Beer,2013-11-26,43061
Ale ,Beer,2013-11-27,60285
Ale ,Beer,2013-11-28,64591
Ale ,Beer,2013-11-29,60285
Ale ,Beer,2013-11-30,71768
Ale ,Beer,2013-12-01,63155
Ale ,Beer,2013-12-02,55979
Ale ,Beer,2013-12-03,41625
Ale ,Beer,2013-12-04,38754
Ale ,Beer,2013-12-05,37319
Ale ,Beer,2013-12-06,51673
Ale ,Beer,2013-12-07,44496
Ale ,Beer,2013-12-08,54543
Ale ,Beer,2013-12-09,43061
Ale ,Beer,2013-12-10,45931
Ale ,Beer,2013-12-11,44496
Ale ,Beer,2013-12-12,40190
Ale ,Beer,2013-12-13,51673
Ale ,Beer,2013-12-14,41625
Ale ,Beer,2013-12-15,41625
Ale ,Beer,2013-12-16,31578
Ale ,Beer,2013-12-17,37319
Ale ,Beer,2013-12-18,35884
Ale ,Beer,2013-12-19,35884
Ale ,Beer,2013-12-20,57414
Ale ,Beer,2013-12-21,57414
Ale ,Beer,2013-12-22,50237
Ale ,Beer,2013-12-23,35884
Ale ,Beer,2013-12-24,37319
Ale ,Beer,2013-12-25,51673
Ale ,Beer,2013-12-26,40190
Ale ,Beer,2013-12-27,54543
Ale ,Beer,2013-12-28,61720
Ale ,Beer,2013-12-29,64591
Ale ,Beer,2013-12-30,33013
Ale ,Beer,2013-12-31,44496
Ale ,Beer,2014-01-01,50237
Ale ,Beer,2014-01-02,43061
Ale ,Beer,2014-01-03,45931
Ale ,Beer,2014-01-04,57414
Ale ,Beer,2014-01-05,51673
Ale ,Beer,2014-01-06,43061
Ale ,Beer,2014-01-07,31578
Ale ,Beer,2014-01-08,48802
Ale ,Beer,2014-01-09,44496
Ale ,Beer,2014-01-10,33013
Ale ,Beer,2014-01-11,43061
Ale ,Beer,2014-01-12,58849
Ale ,Beer,2014-01-13,27272
Ale ,Beer,2014-01-14,41625
Ale ,Beer,2014-01-15,44496
Ale ,Beer,2014-01-16,51673
Ale ,Beer,2014-01-17,54543
Ale ,Beer,2014-01-18,44496
Ale ,Beer,2014-01-19,61720
Ale ,Beer,2014-01-20,41625
Ale ,Beer,2014-01-21,41625
Ale ,Beer,2014-01-22,51673
Ale ,Beer,2014-01-23,44496
Ale ,Beer,2014-01-24,47367
Ale ,Beer,2014-01-25,48802
Ale ,Beer,2014-01-26,70332
Ale ,Beer,2014-01-27,34448
Ale ,Beer,2014-01-28,45931
Ale ,Beer,2014-01-29,41625
Ale ,Beer,2014-01-30,35884
Ale ,Beer,2014-01-31,35884
Ale ,Beer,2014-02-01,53108
Ale ,Beer,2014-02-02,64591
Ale ,Beer,2014-02-03,43061
Ale ,Beer,2014-02-04,48802
Ale ,Beer,2014-02-05,37319
Ale ,Beer,2014-02-06,55979
Ale ,Beer,2014-02-07,58849
Ale ,Beer,2014-02-08,58849
Ale ,Beer,2014-02-09,74638
Ale ,Beer,2014-02-10,50237
Ale ,Beer,2014-02-11,50237
Ale ,Beer,2014-02-12,41625
Ale ,Beer,2014-02-13,51673
Ale ,Beer,2014-02-14,54543
Ale ,Beer,2014-02-15,67461
Ale ,Beer,2014-02-16,70332
Ale ,Beer,2014-02-17,45931
Ale ,Beer,2014-02-18,44496
Ale ,Beer,2014-02-19,48802
Ale ,Beer,2014-02-20,54543
Ale ,Beer,2014-02-21,64591
Ale ,Beer,2014-02-22,64591
Ale ,Beer,2014-02-23,64591
Ale ,Beer,2014-02-24,53108
Ale ,Beer,2014-02-25,41625
Ale ,Beer,2014-02-26,55979
Ale ,Beer,2014-02-27,58849
Ale ,Beer,2014-02-28,38754
Ale ,Beer,2014-03-01,71768
Ale ,Beer,2014-03-02,81815
Ale ,Beer,2014-03-03,54543
Ale ,Beer,2014-03-04,66026
Ale ,Beer,2014-03-05,57414
Ale ,Beer,2014-03-06,44496
Ale ,Beer,2014-03-07,53108
Ale ,Beer,2014-03-08,86121
Ale ,Beer,2014-03-09,73203
Ale ,Beer,2014-03-10,43061
Ale ,Beer,2014-03-11,50237
Ale ,Beer,2014-03-12,47367
Ale ,Beer,2014-03-13,64591
Ale ,Beer,2014-03-14,48802
Ale ,Beer,2014-03-15,68897
Ale ,Beer,2014-03-16,66026
Ale ,Beer,2014-03-17,43061
Ale ,Beer,2014-03-18,44496
Ale ,Beer,2014-03-19,53108
Ale ,Beer,2014-03-20,53108
Ale ,Beer,2014-03-21,70332
Ale ,Beer,2014-03-22,86121
Ale ,Beer,2014-03-23,78944
Ale ,Beer,2014-03-24,37319
Ale ,Beer,2014-03-25,54543
Ale ,Beer,2014-03-26,45931
Ale ,Beer,2014-03-27,54543
Ale ,Beer,2014-03-28,74638
Ale ,Beer,2014-03-29,73203
Ale ,Beer,2014-03-30,74638
Ale ,Beer,2014-03-31,44496
Ale ,Beer,2014-04-01,68897
Ale ,Beer,2014-04-02,67461
Ale ,Beer,2014-04-03,106216
Ale ,Beer,2014-04-04,76074
Ale ,Beer,2014-04-05,87556
Ale ,Beer,2014-04-06,88992
Ale ,Beer,2014-04-07,54543
Ale ,Beer,2014-04-08,54543
Ale ,Beer,2014-04-09,68897
Ale ,Beer,2014-04-10,73203
Ale ,Beer,2014-04-11,78944
Ale ,Beer,2014-04-12,83250
Ale ,Beer,2014-04-13,73203
Ale ,Beer,2014-04-14,51673
Ale ,Beer,2014-04-15,74638
Ale ,Beer,2014-04-16,73203
Ale ,Beer,2014-04-17,67461
Ale ,Beer,2014-04-18,74638
Ale ,Beer,2014-04-19,81815
Ale ,Beer,2014-04-20,80380
Ale ,Beer,2014-04-21,60285
Ale ,Beer,2014-04-22,57414
Ale ,Beer,2014-04-23,68897
Ale ,Beer,2014-04-24,63155
Ale ,Beer,2014-04-25,83250
Ale ,Beer,2014-04-26,64591
Ale ,Beer,2014-04-27,88992
Ale ,Beer,2014-04-28,60285
Ale ,Beer,2014-04-29,61720
Ale ,Beer,2014-04-30,70332
Ale ,Beer,2014-05-01,76074
Ale ,Beer,2014-05-02,83250
Ale ,Beer,2014-05-03,84686
Ale ,Beer,2014-05-04,74638
Ale ,Beer,2014-05-05,80380
Ale ,Beer,2014-05-06,71768
Ale ,Beer,2014-05-07,57414
Ale ,Beer,2014-05-08,77509
Ale ,Beer,2014-05-09,58849
Ale ,Beer,2014-05-10,81815
Ale ,Beer,2014-05-11,93298
Ale ,Beer,2014-05-12,63155
Ale ,Beer,2014-05-13,80380
Ale ,Beer,2014-05-14,70332
Ale ,Beer,2014-05-15,74638
Ale ,Beer,2014-05-16,70332
Ale ,Beer,2014-05-17,81815
Ale ,Beer,2014-05-18,83250
Ale ,Beer,2014-05-19,54543
Ale ,Beer,2014-05-20,71768
Ale ,Beer,2014-05-21,71768
Ale ,Beer,2014-05-22,58849
Ale ,Beer,2014-05-23,63155
Ale ,Beer,2014-05-24,88992
Ale ,Beer,2014-05-25,76074
Ale ,Beer,2014-05-26,60285
Ale ,Beer,2014-05-27,58849
Ale ,Beer,2014-05-28,73203
Ale ,Beer,2014-05-29,68897
Ale ,Beer,2014-05-30,60285
Ale ,Beer,2014-05-31,76074
Ale ,Beer,2014-06-01,111957
Ale ,Beer,2014-06-02,61720
Ale ,Beer,2014-06-03,86121
Ale ,Beer,2014-06-04,78944
Ale ,Beer,2014-06-05,80380
Ale ,Beer,2014-06-06,73203
Ale ,Beer,2014-06-07,110522
Ale ,Beer,2014-06-08,101910
Ale ,Beer,2014-06-09,41625
Ale ,Beer,2014-06-10,74638
Ale ,Beer,2014-06-11,76074
Ale ,Beer,2014-06-12,81815
Ale ,Beer,2014-06-13,86121
Ale ,Beer,2014-06-14,93298
Ale ,Beer,2014-06-15,103345
Ale ,Beer,2014-06-16,70332
Ale ,Beer,2014-06-17,64591
Ale ,Beer,2014-06-18,76074
Ale ,Beer,2014-06-19,77509
Ale ,Beer,2014-06-20,87556
Ale ,Beer,2014-06-21,103345
Ale ,Beer,2014-06-22,93298
Ale ,Beer,2014-06-23,67461
Ale ,Beer,2014-06-24,77509
Ale ,Beer,2014-06-25,74638
Ale ,Beer,2014-06-26,61720
Ale ,Beer,2014-06-27,97604
Ale ,Beer,2014-06-28,90427
Ale ,Beer,2014-06-29,78944
Ale ,Beer,2014-06-30,64591
Ale ,Beer,2014-07-01,63155
Ale ,Beer,2014-07-02,73203
Ale ,Beer,2014-07-03,87556
Ale ,Beer,2014-07-04,80380
Ale ,Beer,2014-07-05,120569
Ale ,Beer,2014-07-06,100475
Ale ,Beer,2014-07-07,78944
Ale ,Beer,2014-07-08,68897
Ale ,Beer,2014-07-09,78944
Ale ,Beer,2014-07-10,70332
Ale ,Beer,2014-07-11,84686
Ale ,Beer,2014-07-12,87556
Ale ,Beer,2014-07-13,96168
Ale ,Beer,2014-07-14,61720
Ale ,Beer,2014-07-15,76074
Ale ,Beer,2014-07-16,90427
Ale ,Beer,2014-07-17,84686
Ale ,Beer,2014-07-18,91862
Ale ,Beer,2014-07-19,91862
Ale ,Beer,2014-07-20,97604
Ale ,Beer,2014-07-21,71768
Ale ,Beer,2014-07-22,80380
Ale ,Beer,2014-07-23,84686
Ale ,Beer,2014-07-24,80380
Ale ,Beer,2014-07-25,74638
Ale ,Beer,2014-07-26,71768
Ale ,Beer,2014-07-27,90427
Ale ,Beer,2014-07-28,74638
Ale ,Beer,2014-07-29,63155
Ale ,Beer,2014-07-30,80380
Ale ,Beer,2014-07-31,78944
Ale ,Beer,2014-08-01,83250
Ale ,Beer,2014-08-02,80380
Ale ,Beer,2014-08-03,86121
Ale ,Beer,2014-08-04,60285
Ale ,Beer,2014-08-05,67461
Ale ,Beer,2014-08-06,64591
Ale ,Beer,2014-08-07,67461
Ale ,Beer,2014-08-08,88992
Ale ,Beer,2014-08-09,84686
Ale ,Beer,2014-08-10,76074
Ale ,Beer,2014-08-11,63155
Ale ,Beer,2014-08-12,83250
Ale ,Beer,2014-08-13,87556
Ale ,Beer,2014-08-14,73203
Ale ,Beer,2014-08-15,74638
Ale ,Beer,2014-08-16,87556
Ale ,Beer,2014-08-17,100475
Ale ,Beer,2014-08-18,51673
Ale ,Beer,2014-08-19,73203
Ale ,Beer,2014-08-20,78944
Ale ,Beer,2014-08-21,83250
Ale ,Beer,2014-08-22,68897
Ale ,Beer,2014-08-23,83250
Ale ,Beer,2014-08-24,94733
Ale ,Beer,2014-08-25,67461
Ale ,Beer,2014-08-26,74638
Ale ,Beer,2014-08-27,61720
Ale ,Beer,2014-08-28,73203
Ale ,Beer,2014-08-29,97604
Ale ,Beer,2014-08-30,84686
Ale ,Beer,2014-08-31,76074
Ale ,Beer,2014-09-01,66026
Ale ,Beer,2014-09-02,63155
Ale ,Beer,2014-09-03,64591
Ale ,Beer,2014-09-04,60285
Ale ,Beer,2014-09-05,80380
Ale ,Beer,2014-09-06,73203
Ale ,Beer,2014-09-07,83250
Ale ,Beer,2014-09-08,43061
Ale ,Beer,2014-09-09,84686
Ale ,Beer,2014-09-10,54543
Ale ,Beer,2014-09-11,70332
Ale ,Beer,2014-09-12,74638
Ale ,Beer,2014-09-13,71768
Ale ,Beer,2014-09-14,74638
Ale ,Beer,2014-09-15,53108
Ale ,Beer,2014-09-16,48802
Ale ,Beer,2014-09-17,73203
Ale ,Beer,2014-09-18,76074
Ale ,Beer,2014-09-19,81815
Ale ,Beer,2014-09-20,70332
Ale ,Beer,2014-09-21,74638
Ale ,Beer,2014-09-22,54543
Ale ,Beer,2014-09-23,77509
Ale ,Beer,2014-09-24,67461
Ale ,Beer,2014-09-25,67461
Ale ,Beer,2014-09-26,68897
Ale ,Beer,2014-09-27,80380
Ale ,Beer,2014-09-28,90427
Ale ,Beer,2014-09-29,57414
Ale ,Beer,2014-09-30,55979
Ale ,Beer,2014-10-01,53108
Ale ,Beer,2014-10-02,61720
Ale ,Beer,2014-10-03,48802
Ale ,Beer,2014-10-04,94733
Ale ,Beer,2014-10-05,77509
Ale ,Beer,2014-10-06,64591
Ale ,Beer,2014-10-07,54543
Ale ,Beer,2014-10-08,60285
Ale ,Beer,2014-10-09,73203
Ale ,Beer,2014-10-10,76074
Ale ,Beer,2014-10-11,54543
Ale ,Beer,2014-10-12,77509
Ale ,Beer,2014-10-13,70332
Ale ,Beer,2014-10-14,55979
Ale ,Beer,2014-10-15,61720
Ale ,Beer,2014-10-16,60285
Ale ,Beer,2014-10-17,61720
Ale ,Beer,2014-10-18,60285
Ale ,Beer,2014-10-19,87556
Ale ,Beer,2014-10-20,40190
Ale ,Beer,2014-10-21,76074
Ale ,Beer,2014-10-22,84686
Ale ,Beer,2014-10-23,50237
Ale ,Beer,2014-10-24,80380
Ale ,Beer,2014-10-25,50237
Ale ,Beer,2014-10-26,91862
Ale ,Beer,2014-10-27,53108
Ale ,Beer,2014-10-28,55979
Ale ,Beer,2014-10-29,55979
Ale ,Beer,2014-10-30,60285
Ale ,Beer,2014-10-31,67461
Ale ,Beer,2014-11-01,78944
Ale ,Beer,2014-11-02,84686
Ale ,Beer,2014-11-03,70332
Ale ,Beer,2014-11-04,64591
Ale ,Beer,2014-11-05,66026
Ale ,Beer,2014-11-06,78944
Ale ,Beer,2014-11-07,55979
Ale ,Beer,2014-11-08,67461
Ale ,Beer,2014-11-09,63155
Ale ,Beer,2014-11-10,54543
Ale ,Beer,2014-11-11,51673
Ale ,Beer,2014-11-12,61720
Ale ,Beer,2014-11-13,87556
Ale ,Beer,2014-11-14,61720
Ale ,Beer,2014-11-15,90427
Ale ,Beer,2014-11-16,66026
Ale ,Beer,2014-11-17,63155
Ale ,Beer,2014-11-18,87556
Ale ,Beer,2014-11-19,67461
Ale ,Beer,2014-11-20,60285
Ale ,Beer,2014-11-21,68897
Ale ,Beer,2014-11-22,80380
Ale ,Beer,2014-11-23,78944
Ale ,Beer,2014-11-24,61720
Ale ,Beer,2014-11-25,67461
Ale ,Beer,2014-11-26,70332
Ale ,Beer,2014-11-27,71768
Ale ,Beer,2014-11-28,91862
Ale ,Beer,2014-11-29,76074
Ale ,Beer,2014-11-30,83250
Ale ,Beer,2014-12-01,35884
Ale ,Beer,2014-12-02,40190
Ale ,Beer,2014-12-03,63155
Ale ,Beer,2014-12-04,47367
Ale ,Beer,2014-12-05,60285
Ale ,Beer,2014-12-06,68897
Ale ,Beer,2014-12-07,57414
Ale ,Beer,2014-12-08,41625
Ale ,Beer,2014-12-09,41625
Ale ,Beer,2014-12-10,48802
Ale ,Beer,2014-12-11,53108
Ale ,Beer,2014-12-12,71768
Ale ,Beer,2014-12-13,51673
Ale ,Beer,2014-12-14,68897
Ale ,Beer,2014-12-15,54543
Ale ,Beer,2014-12-16,58849
Ale ,Beer,2014-12-17,47367
Ale ,Beer,2014-12-18,43061
Ale ,Beer,2014-12-19,63155
Ale ,Beer,2014-12-20,61720
Ale ,Beer,2014-12-21,66026
Ale ,Beer,2014-12-22,43061
Ale ,Beer,2014-12-23,38754
Ale ,Beer,2014-12-24,37319
Ale ,Beer,2014-12-25,34448
Ale ,Beer,2014-12-26,60285
Ale ,Beer,2014-12-27,54543
Ale ,Beer,2014-12-28,63155
Ale ,Beer,2014-12-29,44496
Ale ,Beer,2014-12-30,45931
Ale ,Beer,2014-12-31,34448
Ale ,Beer,2015-01-01,41625
Ale ,Beer,2015-01-02,41625
Ale ,Beer,2015-01-03,53108
Ale ,Beer,2015-01-04,44496
Ale ,Beer,2015-01-05,30142
Ale ,Beer,2015-01-06,35884
Ale ,Beer,2015-01-07,44496
Ale ,Beer,2015-01-08,44496
Ale ,Beer,2015-01-09,53108
Ale ,Beer,2015-01-10,53108
Ale ,Beer,2015-01-11,64591
Ale ,Beer,2015-01-12,33013
Ale ,Beer,2015-01-13,53108
Ale ,Beer,2015-01-14,54543
Ale ,Beer,2015-01-15,44496
Ale ,Beer,2015-01-16,43061
Ale ,Beer,2015-01-17,67461
Ale ,Beer,2015-01-18,66026
Ale ,Beer,2015-01-19,40190
Ale ,Beer,2015-01-20,45931
Ale ,Beer,2015-01-21,38754
Ale ,Beer,2015-01-22,43061
Ale ,Beer,2015-01-23,38754
Ale ,Beer,2015-01-24,80380
Ale ,Beer,2015-01-25,66026
Ale ,Beer,2015-01-26,38754
Ale ,Beer,2015-01-27,43061
Ale ,Beer,2015-01-28,41625
Ale ,Beer,2015-01-29,40190
Ale ,Beer,2015-01-30,45931
Ale ,Beer,2015-01-31,38754
Ale ,Beer,2015-02-01,58849
Ale ,Beer,2015-02-02,38754
Ale ,Beer,2015-02-03,50237
Ale ,Beer,2015-02-04,38754
Ale ,Beer,2015-02-05,57414
Ale ,Beer,2015-02-06,64591
Ale ,Beer,2015-02-07,41625
Ale ,Beer,2015-02-08,73203
Ale ,Beer,2015-02-09,41625
Ale ,Beer,2015-02-10,43061
Ale ,Beer,2015-02-11,51673
Ale ,Beer,2015-02-12,35884
Ale ,Beer,2015-02-13,60285
Ale ,Beer,2015-02-14,54543
Ale ,Beer,2015-02-15,58849
Ale ,Beer,2015-02-16,43061
Ale ,Beer,2015-02-17,45931
Ale ,Beer,2015-02-18,48802
Ale ,Beer,2015-02-19,41625
Ale ,Beer,2015-02-20,58849
Ale ,Beer,2015-02-21,55979
Ale ,Beer,2015-02-22,60285
Ale ,Beer,2015-02-23,47367
Ale ,Beer,2015-02-24,43061
Ale ,Beer,2015-02-25,61720
Ale ,Beer,2015-02-26,53108
Ale ,Beer,2015-02-27,51673
Ale ,Beer,2015-02-28,57414
Ale ,Beer,2015-03-01,70332
Ale ,Beer,2015-03-02,50237
Ale ,Beer,2015-03-03,51673
Ale ,Beer,2015-03-04,44496
Ale ,Beer,2015-03-05,58849
Ale ,Beer,2015-03-06,74638
Ale ,Beer,2015-03-07,84686
Ale ,Beer,2015-03-08,91862
Ale ,Beer,2015-03-09,51673
Ale ,Beer,2015-03-10,67461
Ale ,Beer,2015-03-11,60285
Ale ,Beer,2015-03-12,68897
Ale ,Beer,2015-03-13,61720
Ale ,Beer,2015-03-14,60285
Ale ,Beer,2015-03-15,80380
Ale ,Beer,2015-03-16,51673
Ale ,Beer,2015-03-17,48802
Ale ,Beer,2015-03-18,50237
Ale ,Beer,2015-03-19,68897
Ale ,Beer,2015-03-20,60285
Ale ,Beer,2015-03-21,70332
Ale ,Beer,2015-03-22,60285
Ale ,Beer,2015-03-23,51673
Ale ,Beer,2015-03-24,47367
Ale ,Beer,2015-03-25,55979
Ale ,Beer,2015-03-26,48802
Ale ,Beer,2015-03-27,63155
Ale ,Beer,2015-03-28,78944
Ale ,Beer,2015-03-29,77509
Ale ,Beer,2015-03-30,61720
Ale ,Beer,2015-03-31,57414
Ale ,Beer,2015-04-01,71768
Ale ,Beer,2015-04-02,73203
Ale ,Beer,2015-04-03,81815
Ale ,Beer,2015-04-04,87556
Ale ,Beer,2015-04-05,93298
Ale ,Beer,2015-04-06,71768
Ale ,Beer,2015-04-07,66026
Ale ,Beer,2015-04-08,81815
Ale ,Beer,2015-04-09,80380
Ale ,Beer,2015-04-10,68897
Ale ,Beer,2015-04-11,76074
Ale ,Beer,2015-04-12,97604
Ale ,Beer,2015-04-13,67461
Ale ,Beer,2015-04-14,78944
Ale ,Beer,2015-04-15,60285
Ale ,Beer,2015-04-16,70332
Ale ,Beer,2015-04-17,76074
Ale ,Beer,2015-04-18,93298
Ale ,Beer,2015-04-19,86121
Ale ,Beer,2015-04-20,63155
Ale ,Beer,2015-04-21,51673
Ale ,Beer,2015-04-22,61720
Ale ,Beer,2015-04-23,73203
Ale ,Beer,2015-04-24,80380
Ale ,Beer,2015-04-25,78944
Ale ,Beer,2015-04-26,78944
Ale ,Beer,2015-04-27,63155
Ale ,Beer,2015-04-28,57414
Ale ,Beer,2015-04-29,66026
Ale ,Beer,2015-04-30,84686
Ale ,Beer,2015-05-01,94733
Ale ,Beer,2015-05-02,77509
Ale ,Beer,2015-05-03,81815
Ale ,Beer,2015-05-04,55979
Ale ,Beer,2015-05-05,55979
Ale ,Beer,2015-05-06,73203
Ale ,Beer,2015-05-07,83250
Ale ,Beer,2015-05-08,70332
Ale ,Beer,2015-05-09,87556
Ale ,Beer,2015-05-10,74638
Ale ,Beer,2015-05-11,58849
Ale ,Beer,2015-05-12,80380
Ale ,Beer,2015-05-13,66026
Ale ,Beer,2015-05-14,90427
Ale ,Beer,2015-05-15,80380
Ale ,Beer,2015-05-16,94733
Ale ,Beer,2015-05-17,81815
Ale ,Beer,2015-05-18,61720
Ale ,Beer,2015-05-19,76074
Ale ,Beer,2015-05-20,90427
Ale ,Beer,2015-05-21,87556
Ale ,Beer,2015-05-22,74638
Ale ,Beer,2015-05-23,91862
Ale ,Beer,2015-05-24,110522
Ale ,Beer,2015-05-25,71768
Ale ,Beer,2015-05-26,71768
Ale ,Beer,2015-05-27,83250
Ale ,Beer,2015-05-28,63155
Ale ,Beer,2015-05-29,84686
Ale ,Beer,2015-05-30,94733
Ale ,Beer,2015-05-31,101910
Ale ,Beer,2015-06-01,57414
Ale ,Beer,2015-06-02,73203
Ale ,Beer,2015-06-03,91862
Ale ,Beer,2015-06-04,81815
Ale ,Beer,2015-06-05,86121
Ale ,Beer,2015-06-06,74638
Ale ,Beer,2015-06-07,93298
Ale ,Beer,2015-06-08,66026
Ale ,Beer,2015-06-09,81815
Ale ,Beer,2015-06-10,70332
Ale ,Beer,2015-06-11,91862
Ale ,Beer,2015-06-12,77509
Ale ,Beer,2015-06-13,96168
Ale ,Beer,2015-06-14,126311
Ale ,Beer,2015-06-15,67461
Ale ,Beer,2015-06-16,78944
Ale ,Beer,2015-06-17,70332
Ale ,Beer,2015-06-18,88992
Ale ,Beer,2015-06-19,66026
Ale ,Beer,2015-06-20,99039
Ale ,Beer,2015-06-21,91862
Ale ,Beer,2015-06-22,63155
Ale ,Beer,2015-06-23,73203
Ale ,Beer,2015-06-24,80380
Ale ,Beer,2015-06-25,86121
Ale ,Beer,2015-06-26,107651
Ale ,Beer,2015-06-27,91862
Ale ,Beer,2015-06-28,84686
Ale ,Beer,2015-06-29,67461
Ale ,Beer,2015-06-30,84686
Ale ,Beer,2015-07-01,93298
Ale ,Beer,2015-07-02,70332
Ale ,Beer,2015-07-03,88992
Ale ,Beer,2015-07-04,91862
Ale ,Beer,2015-07-05,116263
Ale ,Beer,2015-07-06,81815
Ale ,Beer,2015-07-07,80380
Ale ,Beer,2015-07-08,99039
Ale ,Beer,2015-07-09,88992
Ale ,Beer,2015-07-10,87556
Ale ,Beer,2015-07-11,100475
Ale ,Beer,2015-07-12,119134
Ale ,Beer,2015-07-13,74638
Ale ,Beer,2015-07-14,94733
Ale ,Beer,2015-07-15,78944
Ale ,Beer,2015-07-16,83250
Ale ,Beer,2015-07-17,93298
Ale ,Beer,2015-07-18,90427
Ale ,Beer,2015-07-19,103345
Ale ,Beer,2015-07-20,83250
Ale ,Beer,2015-07-21,64591
Ale ,Beer,2015-07-22,74638
Ale ,Beer,2015-07-23,87556
Ale ,Beer,2015-07-24,70332
Ale ,Beer,2015-07-25,87556
Ale ,Beer,2015-07-26,111957
Ale ,Beer,2015-07-27,67461
Ale ,Beer,2015-07-28,101910
Ale ,Beer,2015-07-29,76074
Ale ,Beer,2015-07-30,76074
Ale ,Beer,2015-07-31,106216
Ale ,Beer,2015-08-01,90427
Ale ,Beer,2015-08-02,96168
Ale ,Beer,2015-08-03,54543
Ale ,Beer,2015-08-04,63155
Ale ,Beer,2015-08-05,64591
Ale ,Beer,2015-08-06,74638
Ale ,Beer,2015-08-07,67461
Ale ,Beer,2015-08-08,70332
Ale ,Beer,2015-08-09,90427
Ale ,Beer,2015-08-10,68897
Ale ,Beer,2015-08-11,67461
Ale ,Beer,2015-08-12,83250
Ale ,Beer,2015-08-13,83250
Ale ,Beer,2015-08-14,77509
Ale ,Beer,2015-08-15,78944
Ale ,Beer,2015-08-16,104781
Ale ,Beer,2015-08-17,40190
Ale ,Beer,2015-08-18,66026
Ale ,Beer,2015-08-19,70332
Ale ,Beer,2015-08-20,67461
Ale ,Beer,2015-08-21,93298
Ale ,Beer,2015-08-22,73203
Ale ,Beer,2015-08-23,93298
Ale ,Beer,2015-08-24,71768
Ale ,Beer,2015-08-25,81815
Ale ,Beer,2015-08-26,73203
Ale ,Beer,2015-08-27,83250
Ale ,Beer,2015-08-28,84686
Ale ,Beer,2015-08-29,78944
Ale ,Beer,2015-08-30,97604
Ale ,Beer,2015-08-31,51673
Ale ,Beer,2015-09-01,78944
Ale ,Beer,2015-09-02,64591
Ale ,Beer,2015-09-03,81815
Ale ,Beer,2015-09-04,97604
Ale ,Beer,2015-09-05,90427
Ale ,Beer,2015-09-06,80380
Ale ,Beer,2015-09-07,58849
Ale ,Beer,2015-09-08,77509
Ale ,Beer,2015-09-09,71768
Ale ,Beer,2015-09-10,66026
Ale ,Beer,2015-09-11,76074
Ale ,Beer,2015-09-12,81815
Ale ,Beer,2015-09-13,107651
Ale ,Beer,2015-09-14,60285
Ale ,Beer,2015-09-15,66026
Ale ,Beer,2015-09-16,78944
Ale ,Beer,2015-09-17,83250
Ale ,Beer,2015-09-18,83250
Ale ,Beer,2015-09-19,71768
Ale ,Beer,2015-09-20,88992
Ale ,Beer,2015-09-21,55979
Ale ,Beer,2015-09-22,76074
Ale ,Beer,2015-09-23,61720
Ale ,Beer,2015-09-24,91862
Ale ,Beer,2015-09-25,68897
Ale ,Beer,2015-09-26,73203
Ale ,Beer,2015-09-27,87556
Ale ,Beer,2015-09-28,61720
Ale ,Beer,2015-09-29,73203
Ale ,Beer,2015-09-30,48802
Ale ,Beer,2015-10-01,88992
Ale ,Beer,2015-10-02,63155
Ale ,Beer,2015-10-03,67461
Ale ,Beer,2015-10-04,81815
Ale ,Beer,2015-10-05,57414
Ale ,Beer,2015-10-06,74638
Ale ,Beer,2015-10-07,70332
Ale ,Beer,2015-10-08,64591
Ale ,Beer,2015-10-09,51673
Ale ,Beer,2015-10-10,77509
Ale ,Beer,2015-10-11,57414
Ale ,Beer,2015-10-12,51673
Ale ,Beer,2015-10-13,38754
Ale ,Beer,2015-10-14,66026
Ale ,Beer,2015-10-15,87556
Ale ,Beer,2015-10-16,55979
Ale ,Beer,2015-10-17,83250
Ale ,Beer,2015-10-18,81815
Ale ,Beer,2015-10-19,70332
Ale ,Beer,2015-10-20,55979
Ale ,Beer,2015-10-21,57414
Ale ,Beer,2015-10-22,77509
Ale ,Beer,2015-10-23,77509
Ale ,Beer,2015-10-24,71768
Ale ,Beer,2015-10-25,83250
Ale ,Beer,2015-10-26,63155
Ale ,Beer,2015-10-27,51673
Ale ,Beer,2015-10-28,66026
Ale ,Beer,2015-10-29,50237
Ale ,Beer,2015-10-30,78944
Ale ,Beer,2015-10-31,76074
Ale ,Beer,2015-11-01,90427
Ale ,Beer,2015-11-02,45931
Ale ,Beer,2015-11-03,73203
Ale ,Beer,2015-11-04,86121
Ale ,Beer,2015-11-05,70332
Ale ,Beer,2015-11-06,87556
Ale ,Beer,2015-11-07,71768
Ale ,Beer,2015-11-08,104781
Ale ,Beer,2015-11-09,61720
Ale ,Beer,2015-11-10,74638
Ale ,Beer,2015-11-11,53108
Ale ,Beer,2015-11-12,88992
Ale ,Beer,2015-11-13,81815
Ale ,Beer,2015-11-14,103345
Ale ,Beer,2015-11-15,71768
Ale ,Beer,2015-11-16,51673
Ale ,Beer,2015-11-17,70332
Ale ,Beer,2015-11-18,57414
Ale ,Beer,2015-11-19,76074
Ale ,Beer,2015-11-20,70332
Ale ,Beer,2015-11-21,78944
Ale ,Beer,2015-11-22,100475
Ale ,Beer,2015-11-23,47367
Ale ,Beer,2015-11-24,68897
Ale ,Beer,2015-11-25,66026
Ale ,Beer,2015-11-26,83250
Ale ,Beer,2015-11-27,78944
Ale ,Beer,2015-11-28,78944
Ale ,Beer,2015-11-29,96168
Ale ,Beer,2015-11-30,54543
Ale ,Beer,2015-12-01,35884
Ale ,Beer,2015-12-02,57414
Ale ,Beer,2015-12-03,54543
Ale ,Beer,2015-12-04,74638
Ale ,Beer,2015-12-05,64591
Ale ,Beer,2015-12-06,61720
Ale ,Beer,2015-12-07,58849
Ale ,Beer,2015-12-08,54543
Ale ,Beer,2015-12-09,45931
Ale ,Beer,2015-12-10,60285
Ale ,Beer,2015-12-11,48802
Ale ,Beer,2015-12-12,44496
Ale ,Beer,2015-12-13,63155
Ale ,Beer,2015-12-14,45931
Ale ,Beer,2015-12-15,45931
Ale ,Beer,2015-12-16,51673
Ale ,Beer,2015-12-17,48802
Ale ,Beer,2015-12-18,58849
Ale ,Beer,2015-12-19,50237
Ale ,Beer,2015-12-20,74638
Ale ,Beer,2015-12-21,31578
Ale ,Beer,2015-12-22,34448
Ale ,Beer,2015-12-23,30142
Ale ,Beer,2015-12-24,45931
Ale ,Beer,2015-12-25,54543
Ale ,Beer,2015-12-26,48802
Ale ,Beer,2015-12-27,50237
Ale ,Beer,2015-12-28,40190
Ale ,Beer,2015-12-29,43061
Ale ,Beer,2015-12-30,43061
Ale ,Beer,2015-12-31,50237
Ale ,Beer,2016-01-01,50237
Ale ,Beer,2016-01-02,50237
Ale ,Beer,2016-01-03,57414
Ale ,Beer,2016-01-04,47367
Ale ,Beer,2016-01-05,51673
Ale ,Beer,2016-01-06,44496
Ale ,Beer,2016-01-07,44496
Ale ,Beer,2016-01-08,51673
Ale ,Beer,2016-01-09,51673
Ale ,Beer,2016-01-10,66026
Ale ,Beer,2016-01-11,54543
Ale ,Beer,2016-01-12,60285
Ale ,Beer,2016-01-13,38754
Ale ,Beer,2016-01-14,55979
Ale ,Beer,2016-01-15,58849
Ale ,Beer,2016-01-16,73203
Ale ,Beer,2016-01-17,58849
Ale ,Beer,2016-01-18,20095
Ale ,Beer,2016-01-19,45931
Ale ,Beer,2016-01-20,47367
Ale ,Beer,2016-01-21,45931
Ale ,Beer,2016-01-22,43061
Ale ,Beer,2016-01-23,64591
Ale ,Beer,2016-01-24,58849
Ale ,Beer,2016-01-25,43061
Ale ,Beer,2016-01-26,53108
Ale ,Beer,2016-01-27,57414
Ale ,Beer,2016-01-28,58849
Ale ,Beer,2016-01-29,50237
Ale ,Beer,2016-01-30,43061
Ale ,Beer,2016-01-31,48802
Ale ,Beer,2016-02-01,44496
Ale ,Beer,2016-02-02,78944
Ale ,Beer,2016-02-03,44496
Ale ,Beer,2016-02-04,64591
Ale ,Beer,2016-02-05,58849
Ale ,Beer,2016-02-06,57414
Ale ,Beer,2016-02-07,63155
Ale ,Beer,2016-02-08,43061
Ale ,Beer,2016-02-09,63155
Ale ,Beer,2016-02-10,33013
Ale ,Beer,2016-02-11,40190
Ale ,Beer,2016-02-12,76074
Ale ,Beer,2016-02-13,74638
Ale ,Beer,2016-02-14,74638
Ale ,Beer,2016-02-15,55979
Ale ,Beer,2016-02-16,48802
Ale ,Beer,2016-02-17,53108
Ale ,Beer,2016-02-18,50237
Ale ,Beer,2016-02-19,60285
Ale ,Beer,2016-02-20,60285
Ale ,Beer,2016-02-21,66026
Ale ,Beer,2016-02-22,48802
Ale ,Beer,2016-02-23,64591
Ale ,Beer,2016-02-24,57414
Ale ,Beer,2016-02-25,53108
Ale ,Beer,2016-02-26,61720
Ale ,Beer,2016-02-27,74638
Ale ,Beer,2016-02-28,80380
Ale ,Beer,2016-02-29,50237
Ale ,Beer,2016-03-01,61720
Ale ,Beer,2016-03-02,64591
Ale ,Beer,2016-03-03,64591
Ale ,Beer,2016-03-04,94733
Ale ,Beer,2016-03-05,88992
Ale ,Beer,2016-03-06,101910
Ale ,Beer,2016-03-07,58849
Ale ,Beer,2016-03-08,66026
Ale ,Beer,2016-03-09,53108
Ale ,Beer,2016-03-10,71768
Ale ,Beer,2016-03-11,66026
Ale ,Beer,2016-03-12,74638
Ale ,Beer,2016-03-13,80380
Ale ,Beer,2016-03-14,57414
Ale ,Beer,2016-03-15,66026
Ale ,Beer,2016-03-16,61720
Ale ,Beer,2016-03-17,54543
Ale ,Beer,2016-03-18,84686
Ale ,Beer,2016-03-19,88992
Ale ,Beer,2016-03-20,87556
Ale ,Beer,2016-03-21,53108
Ale ,Beer,2016-03-22,61720
Ale ,Beer,2016-03-23,73203
Ale ,Beer,2016-03-24,67461
Ale ,Beer,2016-03-25,57414
Ale ,Beer,2016-03-26,81815
Ale ,Beer,2016-03-27,78944
Ale ,Beer,2016-03-28,47367
Ale ,Beer,2016-03-29,87556
Ale ,Beer,2016-03-30,55979
Ale ,Beer,2016-03-31,54543
Ale ,Beer,2016-04-01,93298
Ale ,Beer,2016-04-02,94733
Ale ,Beer,2016-04-03,84686
Ale ,Beer,2016-04-04,73203
Ale ,Beer,2016-04-05,90427
Ale ,Beer,2016-04-06,71768
Ale ,Beer,2016-04-07,81815
Ale ,Beer,2016-04-08,70332
Ale ,Beer,2016-04-09,97604
Ale ,Beer,2016-04-10,104781
Ale ,Beer,2016-04-11,70332
Ale ,Beer,2016-04-12,91862
Ale ,Beer,2016-04-13,70332
Ale ,Beer,2016-04-14,74638
Ale ,Beer,2016-04-15,96168
Ale ,Beer,2016-04-16,99039
Ale ,Beer,2016-04-17,94733
Ale ,Beer,2016-04-18,57414
Ale ,Beer,2016-04-19,86121
Ale ,Beer,2016-04-20,63155
Ale ,Beer,2016-04-21,64591
Ale ,Beer,2016-04-22,71768
Ale ,Beer,2016-04-23,63155
Ale ,Beer,2016-04-24,100475
Ale ,Beer,2016-04-25,53108
Ale ,Beer,2016-04-26,81815
Ale ,Beer,2016-04-27,71768
Ale ,Beer,2016-04-28,70332
Ale ,Beer,2016-04-29,88992
Ale ,Beer,2016-04-30,74638
Ale ,Beer,2016-05-01,87556
Ale ,Beer,2016-05-02,60285
Ale ,Beer,2016-05-03,80380
Ale ,Beer,2016-05-04,101910
Ale ,Beer,2016-05-05,91862
Ale ,Beer,2016-05-06,90427
Ale ,Beer,2016-05-07,94733
Ale ,Beer,2016-05-08,83250
Ale ,Beer,2016-05-09,60285
Ale ,Beer,2016-05-10,97604
Ale ,Beer,2016-05-11,83250
Ale ,Beer,2016-05-12,83250
Ale ,Beer,2016-05-13,110522
Ale ,Beer,2016-05-14,107651
Ale ,Beer,2016-05-15,117699
Ale ,Beer,2016-05-16,76074
Ale ,Beer,2016-05-17,76074
Ale ,Beer,2016-05-18,93298
Ale ,Beer,2016-05-19,80380
Ale ,Beer,2016-05-20,84686
Ale ,Beer,2016-05-21,100475
Ale ,Beer,2016-05-22,116263
Ale ,Beer,2016-05-23,58849
Ale ,Beer,2016-05-24,84686
Ale ,Beer,2016-05-25,81815
Ale ,Beer,2016-05-26,66026
Ale ,Beer,2016-05-27,73203
Ale ,Beer,2016-05-28,70332
Ale ,Beer,2016-05-29,113393
Ale ,Beer,2016-05-30,57414
Ale ,Beer,2016-05-31,80380
Ale ,Beer,2016-06-01,61720
Ale ,Beer,2016-06-02,78944
Ale ,Beer,2016-06-03,77509
Ale ,Beer,2016-06-04,113393
Ale ,Beer,2016-06-05,88992
Ale ,Beer,2016-06-06,78944
Ale ,Beer,2016-06-07,64591
Ale ,Beer,2016-06-08,87556
Ale ,Beer,2016-06-09,81815
Ale ,Beer,2016-06-10,93298
Ale ,Beer,2016-06-11,110522
Ale ,Beer,2016-06-12,117699
Ale ,Beer,2016-06-13,81815
Ale ,Beer,2016-06-14,66026
Ale ,Beer,2016-06-15,97604
Ale ,Beer,2016-06-16,78944
Ale ,Beer,2016-06-17,97604
Ale ,Beer,2016-06-18,91862
Ale ,Beer,2016-06-19,120569
Ale ,Beer,2016-06-20,78944
Ale ,Beer,2016-06-21,93298
Ale ,Beer,2016-06-22,77509
Ale ,Beer,2016-06-23,104781
Ale ,Beer,2016-06-24,90427
Ale ,Beer,2016-06-25,116263
Ale ,Beer,2016-06-26,130617
Ale ,Beer,2016-06-27,80380
Ale ,Beer,2016-06-28,93298
Ale ,Beer,2016-06-29,96168
Ale ,Beer,2016-06-30,87556
Ale ,Beer,2016-07-01,116263
Ale ,Beer,2016-07-02,120569
Ale ,Beer,2016-07-03,120569
Ale ,Beer,2016-07-04,77509
Ale ,Beer,2016-07-05,73203
Ale ,Beer,2016-07-06,73203
Ale ,Beer,2016-07-07,104781
Ale ,Beer,2016-07-08,90427
Ale ,Beer,2016-07-09,88992
Ale ,Beer,2016-07-10,124875
Ale ,Beer,2016-07-11,76074
Ale ,Beer,2016-07-12,96168
Ale ,Beer,2016-07-13,86121
Ale ,Beer,2016-07-14,106216
Ale ,Beer,2016-07-15,87556
Ale ,Beer,2016-07-16,110522
Ale ,Beer,2016-07-17,119134
Ale ,Beer,2016-07-18,63155
Ale ,Beer,2016-07-19,91862
Ale ,Beer,2016-07-20,90427
Ale ,Beer,2016-07-21,100475
Ale ,Beer,2016-07-22,94733
Ale ,Beer,2016-07-23,91862
Ale ,Beer,2016-07-24,137794
Ale ,Beer,2016-07-25,78944
Ale ,Beer,2016-07-26,90427
Ale ,Beer,2016-07-27,84686
Ale ,Beer,2016-07-28,104781
Ale ,Beer,2016-07-29,96168
Ale ,Beer,2016-07-30,104781
Ale ,Beer,2016-07-31,110522
Ale ,Beer,2016-08-01,78944
Ale ,Beer,2016-08-02,63155
Ale ,Beer,2016-08-03,78944
Ale ,Beer,2016-08-04,64591
Ale ,Beer,2016-08-05,91862
Ale ,Beer,2016-08-06,99039
Ale ,Beer,2016-08-07,94733
Ale ,Beer,2016-08-08,78944
Ale ,Beer,2016-08-09,86121
Ale ,Beer,2016-08-10,83250
Ale ,Beer,2016-08-11,80380
Ale ,Beer,2016-08-12,90427
Ale ,Beer,2016-08-13,84686
Ale ,Beer,2016-08-14,97604
Ale ,Beer,2016-08-15,74638
Ale ,Beer,2016-08-16,67461
Ale ,Beer,2016-08-17,70332
Ale ,Beer,2016-08-18,70332
Ale ,Beer,2016-08-19,88992
Ale ,Beer,2016-08-20,107651
Ale ,Beer,2016-08-21,114828
Ale ,Beer,2016-08-22,51673
Ale ,Beer,2016-08-23,104781
Ale ,Beer,2016-08-24,81815
Ale ,Beer,2016-08-25,70332
Ale ,Beer,2016-08-26,94733
Ale ,Beer,2016-08-27,70332
Ale ,Beer,2016-08-28,103345
Ale ,Beer,2016-08-29,51673
Ale ,Beer,2016-08-30,80380
Ale ,Beer,2016-08-31,80380
Ale ,Beer,2016-09-01,76074
Ale ,Beer,2016-09-02,81815
Ale ,Beer,2016-09-03,103345
Ale ,Beer,2016-09-04,130617
Ale ,Beer,2016-09-05,73203
Ale ,Beer,2016-09-06,63155
Ale ,Beer,2016-09-07,71768
Ale ,Beer,2016-09-08,96168
Ale ,Beer,2016-09-09,87556
Ale ,Beer,2016-09-10,83250
Ale ,Beer,2016-09-11,80380
Ale ,Beer,2016-09-12,60285
Ale ,Beer,2016-09-13,99039
Ale ,Beer,2016-09-14,88992
Ale ,Beer,2016-09-15,81815
Ale ,Beer,2016-09-16,78944
Ale ,Beer,2016-09-17,101910
Ale ,Beer,2016-09-18,78944
Ale ,Beer,2016-09-19,66026
Ale ,Beer,2016-09-20,76074
Ale ,Beer,2016-09-21,66026
Ale ,Beer,2016-09-22,77509
Ale ,Beer,2016-09-23,91862
Ale ,Beer,2016-09-24,97604
Ale ,Beer,2016-09-25,100475
Ale ,Beer,2016-09-26,53108
Ale ,Beer,2016-09-27,78944
Ale ,Beer,2016-09-28,47367
Ale ,Beer,2016-09-29,81815
Ale ,Beer,2016-09-30,86121
Ale ,Beer,2016-10-01,77509
Ale ,Beer,2016-10-02,101910
Ale ,Beer,2016-10-03,41625
Ale ,Beer,2016-10-04,94733
Ale ,Beer,2016-10-05,64591
Ale ,Beer,2016-10-06,76074
Ale ,Beer,2016-10-07,81815
Ale ,Beer,2016-10-08,78944
Ale ,Beer,2016-10-09,100475
Ale ,Beer,2016-10-10,53108
Ale ,Beer,2016-10-11,68897
Ale ,Beer,2016-10-12,87556
Ale ,Beer,2016-10-13,64591
Ale ,Beer,2016-10-14,87556
Ale ,Beer,2016-10-15,63155
Ale ,Beer,2016-10-16,86121
Ale ,Beer,2016-10-17,51673
Ale ,Beer,2016-10-18,64591
Ale ,Beer,2016-10-19,58849
Ale ,Beer,2016-10-20,68897
Ale ,Beer,2016-10-21,81815
Ale ,Beer,2016-10-22,77509
Ale ,Beer,2016-10-23,90427
Ale ,Beer,2016-10-24,50237
Ale ,Beer,2016-10-25,67461
Ale ,Beer,2016-10-26,84686
Ale ,Beer,2016-10-27,64591
Ale ,Beer,2016-10-28,74638
Ale ,Beer,2016-10-29,74638
Ale ,Beer,2016-10-30,84686
Ale ,Beer,2016-10-31,66026
Ale ,Beer,2016-11-01,54543
Ale ,Beer,2016-11-02,66026
Ale ,Beer,2016-11-03,77509
Ale ,Beer,2016-11-04,80380
Ale ,Beer,2016-11-05,74638
Ale ,Beer,2016-11-06,104781
Ale ,Beer,2016-11-07,66026
Ale ,Beer,2016-11-08,81815
Ale ,Beer,2016-11-09,84686
Ale ,Beer,2016-11-10,78944
Ale ,Beer,2016-11-11,88992
Ale ,Beer,2016-11-12,93298
Ale ,Beer,2016-11-13,86121
Ale ,Beer,2016-11-14,66026
Ale ,Beer,2016-11-15,68897
Ale ,Beer,2016-11-16,73203
Ale ,Beer,2016-11-17,78944
Ale ,Beer,2016-11-18,96168
Ale ,Beer,2016-11-19,76074
Ale ,Beer,2016-11-20,103345
Ale ,Beer,2016-11-21,64591
Ale ,Beer,2016-11-22,68897
Ale ,Beer,2016-11-23,83250
Ale ,Beer,2016-11-24,78944
Ale ,Beer,2016-11-25,93298
Ale ,Beer,2016-11-26,74638
Ale ,Beer,2016-11-27,74638
Ale ,Beer,2016-11-28,45931
Ale ,Beer,2016-11-29,76074
Ale ,Beer,2016-11-30,64591
Ale ,Beer,2016-12-01,44496
Ale ,Beer,2016-12-02,68897
Ale ,Beer,2016-12-03,67461
Ale ,Beer,2016-12-04,81815
Ale ,Beer,2016-12-05,38754
Ale ,Beer,2016-12-06,50237
Ale ,Beer,2016-12-07,44496
Ale ,Beer,2016-12-08,53108
Ale ,Beer,2016-12-09,57414
Ale ,Beer,2016-12-10,61720
Ale ,Beer,2016-12-11,76074
Ale ,Beer,2016-12-12,41625
Ale ,Beer,2016-12-13,25836
Ale ,Beer,2016-12-14,58849
Ale ,Beer,2016-12-15,61720
Ale ,Beer,2016-12-16,45931
Ale ,Beer,2016-12-17,51673
Ale ,Beer,2016-12-18,68897
Ale ,Beer,2016-12-19,44496
Ale ,Beer,2016-12-20,53108
Ale ,Beer,2016-12-21,43061
Ale ,Beer,2016-12-22,54543
Ale ,Beer,2016-12-23,54543
Ale ,Beer,2016-12-24,63155
Ale ,Beer,2016-12-25,58849
Ale ,Beer,2016-12-26,33013
Ale ,Beer,2016-12-27,43061
Ale ,Beer,2016-12-28,48802
Ale ,Beer,2016-12-29,51673
Ale ,Beer,2016-12-30,57414
Ale ,Beer,2016-12-31,64591
Ale ,Beer,2017-01-01,87556
Ale ,Beer,2017-01-02,38754
Ale ,Beer,2017-01-03,37319
Ale ,Beer,2017-01-04,34448
Ale ,Beer,2017-01-05,60285
Ale ,Beer,2017-01-06,48802
Ale ,Beer,2017-01-07,66026
Ale ,Beer,2017-01-08,58849
Ale ,Beer,2017-01-09,51673
Ale ,Beer,2017-01-10,34448
Ale ,Beer,2017-01-11,43061
Ale ,Beer,2017-01-12,34448
Ale ,Beer,2017-01-13,54543
Ale ,Beer,2017-01-14,40190
Ale ,Beer,2017-01-15,63155
Ale ,Beer,2017-01-16,44496
Ale ,Beer,2017-01-17,48802
Ale ,Beer,2017-01-18,51673
Ale ,Beer,2017-01-19,51673
Ale ,Beer,2017-01-20,47367
Ale ,Beer,2017-01-21,55979
Ale ,Beer,2017-01-22,51673
Ale ,Beer,2017-01-23,33013
Ale ,Beer,2017-01-24,50237
Ale ,Beer,2017-01-25,53108
Ale ,Beer,2017-01-26,50237
Ale ,Beer,2017-01-27,38754
Ale ,Beer,2017-01-28,58849
Ale ,Beer,2017-01-29,47367
Ale ,Beer,2017-01-30,37319
Ale ,Beer,2017-01-31,73203
Ale ,Beer,2017-02-01,57414
Ale ,Beer,2017-02-02,55979
Ale ,Beer,2017-02-03,53108
Ale ,Beer,2017-02-04,58849
Ale ,Beer,2017-02-05,64591
Ale ,Beer,2017-02-06,35884
Ale ,Beer,2017-02-07,63155
Ale ,Beer,2017-02-08,70332
Ale ,Beer,2017-02-09,61720
Ale ,Beer,2017-02-10,67461
Ale ,Beer,2017-02-11,80380
Ale ,Beer,2017-02-12,63155
Ale ,Beer,2017-02-13,44496
Ale ,Beer,2017-02-14,50237
Ale ,Beer,2017-02-15,71768
Ale ,Beer,2017-02-16,44496
Ale ,Beer,2017-02-17,44496
Ale ,Beer,2017-02-18,66026
Ale ,Beer,2017-02-19,47367
Ale ,Beer,2017-02-20,50237
Ale ,Beer,2017-02-21,58849
Ale ,Beer,2017-02-22,61720
Ale ,Beer,2017-02-23,55979
Ale ,Beer,2017-02-24,60285
Ale ,Beer,2017-02-25,60285
Ale ,Beer,2017-02-26,70332
Ale ,Beer,2017-02-27,34448
Ale ,Beer,2017-02-28,57414
Ale ,Beer,2017-03-01,78944
Ale ,Beer,2017-03-02,71768
Ale ,Beer,2017-03-03,71768
Ale ,Beer,2017-03-04,68897
Ale ,Beer,2017-03-05,80380
Ale ,Beer,2017-03-06,66026
Ale ,Beer,2017-03-07,61720
Ale ,Beer,2017-03-08,61720
Ale ,Beer,2017-03-09,68897
Ale ,Beer,2017-03-10,90427
Ale ,Beer,2017-03-11,73203
Ale ,Beer,2017-03-12,99039
Ale ,Beer,2017-03-13,60285
Ale ,Beer,2017-03-14,67461
Ale ,Beer,2017-03-15,55979
Ale ,Beer,2017-03-16,64591
Ale ,Beer,2017-03-17,70332
Ale ,Beer,2017-03-18,68897
Ale ,Beer,2017-03-19,77509
Ale ,Beer,2017-03-20,54543
Ale ,Beer,2017-03-21,60285
Ale ,Beer,2017-03-22,53108
Ale ,Beer,2017-03-23,54543
Ale ,Beer,2017-03-24,77509
Ale ,Beer,2017-03-25,73203
Ale ,Beer,2017-03-26,103345
Ale ,Beer,2017-03-27,71768
Ale ,Beer,2017-03-28,64591
Ale ,Beer,2017-03-29,50237
Ale ,Beer,2017-03-30,80380
Ale ,Beer,2017-03-31,73203
Ale ,Beer,2017-04-01,99039
Ale ,Beer,2017-04-02,94733
Ale ,Beer,2017-04-03,51673
Ale ,Beer,2017-04-04,66026
Ale ,Beer,2017-04-05,77509
Ale ,Beer,2017-04-06,77509
Ale ,Beer,2017-04-07,67461
Ale ,Beer,2017-04-08,91862
Ale ,Beer,2017-04-09,88992
Ale ,Beer,2017-04-10,61720
Ale ,Beer,2017-04-11,90427
Ale ,Beer,2017-04-12,83250
Ale ,Beer,2017-04-13,67461
Ale ,Beer,2017-04-14,71768
Ale ,Beer,2017-04-15,93298
Ale ,Beer,2017-04-16,86121
Ale ,Beer,2017-04-17,55979
Ale ,Beer,2017-04-18,86121
Ale ,Beer,2017-04-19,78944
Ale ,Beer,2017-04-20,77509
Ale ,Beer,2017-04-21,90427
Ale ,Beer,2017-04-22,103345
Ale ,Beer,2017-04-23,111957
Ale ,Beer,2017-04-24,76074
Ale ,Beer,2017-04-25,90427
Ale ,Beer,2017-04-26,68897
Ale ,Beer,2017-04-27,84686
Ale ,Beer,2017-04-28,94733
Ale ,Beer,2017-04-29,76074
Ale ,Beer,2017-04-30,88992
Ale ,Beer,2017-05-01,68897
Ale ,Beer,2017-05-02,83250
Ale ,Beer,2017-05-03,87556
Ale ,Beer,2017-05-04,71768
Ale ,Beer,2017-05-05,99039
Ale ,Beer,2017-05-06,116263
Ale ,Beer,2017-05-07,103345
Ale ,Beer,2017-05-08,84686
Ale ,Beer,2017-05-09,83250
Ale ,Beer,2017-05-10,99039
Ale ,Beer,2017-05-11,84686
Ale ,Beer,2017-05-12,91862
Ale ,Beer,2017-05-13,103345
Ale ,Beer,2017-05-14,97604
Ale ,Beer,2017-05-15,63155
Ale ,Beer,2017-05-16,71768
Ale ,Beer,2017-05-17,91862
Ale ,Beer,2017-05-18,78944
Ale ,Beer,2017-05-19,83250
Ale ,Beer,2017-05-20,97604
Ale ,Beer,2017-05-21,93298
Ale ,Beer,2017-05-22,77509
Ale ,Beer,2017-05-23,86121
Ale ,Beer,2017-05-24,84686
Ale ,Beer,2017-05-25,80380
Ale ,Beer,2017-05-26,77509
Ale ,Beer,2017-05-27,113393
Ale ,Beer,2017-05-28,106216
Ale ,Beer,2017-05-29,86121
Ale ,Beer,2017-05-30,96168
Ale ,Beer,2017-05-31,96168
Ale ,Beer,2017-06-01,99039
Ale ,Beer,2017-06-02,99039
Ale ,Beer,2017-06-03,142100
Ale ,Beer,2017-06-04,106216
Ale ,Beer,2017-06-05,66026
Ale ,Beer,2017-06-06,97604
Ale ,Beer,2017-06-07,94733
Ale ,Beer,2017-06-08,104781
Ale ,Beer,2017-06-09,103345
Ale ,Beer,2017-06-10,107651
Ale ,Beer,2017-06-11,117699
Ale ,Beer,2017-06-12,64591
Ale ,Beer,2017-06-13,70332
Ale ,Beer,2017-06-14,96168
Ale ,Beer,2017-06-15,90427
Ale ,Beer,2017-06-16,113393
Ale ,Beer,2017-06-17,103345
Ale ,Beer,2017-06-18,123440
Ale ,Beer,2017-06-19,94733
Ale ,Beer,2017-06-20,84686
Ale ,Beer,2017-06-21,84686
Ale ,Beer,2017-06-22,94733
Ale ,Beer,2017-06-23,87556
Ale ,Beer,2017-06-24,109087
Ale ,Beer,2017-06-25,104781
Ale ,Beer,2017-06-26,68897
Ale ,Beer,2017-06-27,91862
Ale ,Beer,2017-06-28,78944
Ale ,Beer,2017-06-29,76074
Ale ,Beer,2017-06-30,113393
Ale ,Beer,2017-07-01,100475
Ale ,Beer,2017-07-02,117699
Ale ,Beer,2017-07-03,104781
Ale ,Beer,2017-07-04,90427
Ale ,Beer,2017-07-05,96168
Ale ,Beer,2017-07-06,130617
Ale ,Beer,2017-07-07,97604
Ale ,Beer,2017-07-08,106216
Ale ,Beer,2017-07-09,126311
Ale ,Beer,2017-07-10,73203
Ale ,Beer,2017-07-11,100475
Ale ,Beer,2017-07-12,100475
Ale ,Beer,2017-07-13,107651
Ale ,Beer,2017-07-14,104781
Ale ,Beer,2017-07-15,132052
Ale ,Beer,2017-07-16,103345
Ale ,Beer,2017-07-17,97604
Ale ,Beer,2017-07-18,103345
Ale ,Beer,2017-07-19,99039
Ale ,Beer,2017-07-20,93298
Ale ,Beer,2017-07-21,99039
Ale ,Beer,2017-07-22,119134
Ale ,Beer,2017-07-23,111957
Ale ,Beer,2017-07-24,83250
Ale ,Beer,2017-07-25,103345
Ale ,Beer,2017-07-26,97604
Ale ,Beer,2017-07-27,110522
Ale ,Beer,2017-07-28,114828
Ale ,Beer,2017-07-29,127746
Ale ,Beer,2017-07-30,129182
Ale ,Beer,2017-07-31,88992
Ale ,Beer,2017-08-01,87556
Ale ,Beer,2017-08-02,66026
Ale ,Beer,2017-08-03,90427
Ale ,Beer,2017-08-04,81815
Ale ,Beer,2017-08-05,78944
Ale ,Beer,2017-08-06,107651
Ale ,Beer,2017-08-07,87556
Ale ,Beer,2017-08-08,74638
Ale ,Beer,2017-08-09,67461
Ale ,Beer,2017-08-10,90427
Ale ,Beer,2017-08-11,103345
Ale ,Beer,2017-08-12,96168
Ale ,Beer,2017-08-13,119134
Ale ,Beer,2017-08-14,76074
Ale ,Beer,2017-08-15,71768
Ale ,Beer,2017-08-16,76074
Ale ,Beer,2017-08-17,93298
Ale ,Beer,2017-08-18,94733
Ale ,Beer,2017-08-19,117699
Ale ,Beer,2017-08-20,111957
Ale ,Beer,2017-08-21,73203
Ale ,Beer,2017-08-22,70332
Ale ,Beer,2017-08-23,80380
Ale ,Beer,2017-08-24,77509
Ale ,Beer,2017-08-25,96168
Ale ,Beer,2017-08-26,97604
Ale ,Beer,2017-08-27,111957
Ale ,Beer,2017-08-28,81815
Ale ,Beer,2017-08-29,83250
Ale ,Beer,2017-08-30,84686
Ale ,Beer,2017-08-31,86121
Ale ,Beer,2017-09-01,99039
Ale ,Beer,2017-09-02,86121
Ale ,Beer,2017-09-03,104781
Ale ,Beer,2017-09-04,71768
Ale ,Beer,2017-09-05,67461
Ale ,Beer,2017-09-06,68897
Ale ,Beer,2017-09-07,100475
Ale ,Beer,2017-09-08,66026
Ale ,Beer,2017-09-09,88992
Ale ,Beer,2017-09-10,97604
Ale ,Beer,2017-09-11,63155
Ale ,Beer,2017-09-12,80380
Ale ,Beer,2017-09-13,80380
Ale ,Beer,2017-09-14,77509
Ale ,Beer,2017-09-15,103345
Ale ,Beer,2017-09-16,80380
Ale ,Beer,2017-09-17,78944
Ale ,Beer,2017-09-18,66026
Ale ,Beer,2017-09-19,84686
Ale ,Beer,2017-09-20,77509
Ale ,Beer,2017-09-21,90427
Ale ,Beer,2017-09-22,101910
Ale ,Beer,2017-09-23,73203
Ale ,Beer,2017-09-24,86121
Ale ,Beer,2017-09-25,61720
Ale ,Beer,2017-09-26,86121
Ale ,Beer,2017-09-27,84686
Ale ,Beer,2017-09-28,83250
Ale ,Beer,2017-09-29,104781
Ale ,Beer,2017-09-30,88992
Ale ,Beer,2017-10-01,81815
Ale ,Beer,2017-10-02,68897
Ale ,Beer,2017-10-03,60285
Ale ,Beer,2017-10-04,76074
Ale ,Beer,2017-10-05,76074
Ale ,Beer,2017-10-06,83250
Ale ,Beer,2017-10-07,90427
Ale ,Beer,2017-10-08,94733
Ale ,Beer,2017-10-09,55979
Ale ,Beer,2017-10-10,63155
Ale ,Beer,2017-10-11,68897
Ale ,Beer,2017-10-12,94733
Ale ,Beer,2017-10-13,87556
Ale ,Beer,2017-10-14,96168
Ale ,Beer,2017-10-15,63155
Ale ,Beer,2017-10-16,57414
Ale ,Beer,2017-10-17,74638
Ale ,Beer,2017-10-18,86121
Ale ,Beer,2017-10-19,57414
Ale ,Beer,2017-10-20,78944
Ale ,Beer,2017-10-21,93298
Ale ,Beer,2017-10-22,68897
Ale ,Beer,2017-10-23,60285
Ale ,Beer,2017-10-24,76074
Ale ,Beer,2017-10-25,77509
Ale ,Beer,2017-10-26,100475
Ale ,Beer,2017-10-27,74638
Ale ,Beer,2017-10-28,83250
Ale ,Beer,2017-10-29,100475
Ale ,Beer,2017-10-30,63155
Ale ,Beer,2017-10-31,93298
Ale ,Beer,2017-11-01,68897
Ale ,Beer,2017-11-02,76074
Ale ,Beer,2017-11-03,84686
Ale ,Beer,2017-11-04,101910
Ale ,Beer,2017-11-05,90427
Ale ,Beer,2017-11-06,55979
Ale ,Beer,2017-11-07,86121
Ale ,Beer,2017-11-08,77509
Ale ,Beer,2017-11-09,61720
Ale ,Beer,2017-11-10,93298
Ale ,Beer,2017-11-11,106216
Ale ,Beer,2017-11-12,91862
Ale ,Beer,2017-11-13,63155
Ale ,Beer,2017-11-14,66026
Ale ,Beer,2017-11-15,84686
Ale ,Beer,2017-11-16,83250
Ale ,Beer,2017-11-17,99039
Ale ,Beer,2017-11-18,60285
Ale ,Beer,2017-11-19,76074
Ale ,Beer,2017-11-20,66026
Ale ,Beer,2017-11-21,76074
Ale ,Beer,2017-11-22,74638
Ale ,Beer,2017-11-23,97604
Ale ,Beer,2017-11-24,87556
Ale ,Beer,2017-11-25,107651
Ale ,Beer,2017-11-26,97604
Ale ,Beer,2017-11-27,68897
Ale ,Beer,2017-11-28,78944
Ale ,Beer,2017-11-29,87556
Ale ,Beer,2017-11-30,93298
Ale ,Beer,2017-12-01,64591
Ale ,Beer,2017-12-02,67461
Ale ,Beer,2017-12-03,60285
Ale ,Beer,2017-12-04,40190
Ale ,Beer,2017-12-05,54543
Ale ,Beer,2017-12-06,45931
Ale ,Beer,2017-12-07,60285
Ale ,Beer,2017-12-08,68897
Ale ,Beer,2017-12-09,67461
Ale ,Beer,2017-12-10,86121
Ale ,Beer,2017-12-11,58849
Ale ,Beer,2017-12-12,58849
Ale ,Beer,2017-12-13,58849
Ale ,Beer,2017-12-14,57414
Ale ,Beer,2017-12-15,57414
Ale ,Beer,2017-12-16,64591
Ale ,Beer,2017-12-17,86121
Ale ,Beer,2017-12-18,37319
Ale ,Beer,2017-12-19,53108
Ale ,Beer,2017-12-20,55979
Ale ,Beer,2017-12-21,53108
Ale ,Beer,2017-12-22,53108
Ale ,Beer,2017-12-23,66026
Ale ,Beer,2017-12-24,87556
Ale ,Beer,2017-12-25,50237
Ale ,Beer,2017-12-26,43061
Ale ,Beer,2017-12-27,70332
Ale ,Beer,2017-12-28,64591
Ale ,Beer,2017-12-29,68897
Ale ,Beer,2017-12-30,54543
Ale ,Beer,2017-12-31,64591
